stdUtil,ibrUtil,diff,delta,insurance,ratio
14.902970,14.906406,-0.003435,7.031181,3.831595,0.260414
