stdUtil,ibrUtil,diff,delta,insurance,ratio
14.969067,14.411592,0.557475,-107.705898,-114.701323,-1.873146
