stdUtil,ibrUtil,diff,delta,insurance,ratio
14.905089,14.907874,-0.002785,5.832600,3.722310,0.256943
