stdUtil,ibrUtil,diff,delta,insurance,ratio
15.013161,15.013296,-0.000135,0.697355,0.651604,0.041435
