stdUtil,ibrUtil,diff,delta,insurance,ratio
14.776508,14.782408,-0.005900,6.175869,2.149409,0.438347
