stdUtil,ibrUtil,diff,delta,insurance,ratio
14.930497,14.931358,-0.000862,2.187180,1.762186,0.156227
