stdUtil,ibrUtil,diff,delta,insurance,ratio
13.974707,-77.540610,91.515317,-36.001282,-51.013503,-1.800064
