stdUtil,ibrUtil,diff,delta,insurance,ratio
14.845929,14.849912,-0.003983,5.892219,3.079817,0.346458
