stdUtil,ibrUtil,diff,delta,insurance,ratio
14.903815,14.907047,-0.003232,6.677847,3.936632,0.263947
